{
    "rmse": 0.717845262477029,
    "mae": 0.591235583658573,
    "r2": 0.07398592324869024
}